{
  "name": "Terraform Notification",
  "description": "",
  "blocks": [
    {
      "id": "1cca920b-d082-442f-9e32-af90c35b17a5",
      "label": "Create Alert",
      "environment": "HOSTED",
      "presentation": "{\"w\":100,\"x\":660,\"h\":50,\"y\":640}",
      "stepType": "CREATE_ALERT",
      "inputMappings": [
        {
          "inputPort": "input",
          "mapping": "false",
          "builtInInputId": "c4501a77-1058-51d5-9044-7c4f8a39938a"
        },
        {
          "inputPort": "input",
          "mapping": "180",
          "builtInInputId": "8ff01cd9-6a5f-5ec3-9c46-a40b892b890e"
        },
        {
          "inputPort": "input",
          "mapping": "[{\"id\":\"${69a435f0-bacf-4a44-8481-955dac9784c1.Recipients}\"}]",
          "builtInInputId": "c2fa8405-6461-5736-9370-96e1dc04be7c"
        },
        {
          "inputPort": "input",
          "mapping": "Medium",
          "builtInInputId": "3f50d6a7-0fc9-59a1-bd97-8eb19db317bd"
        },
        {
          "inputPort": "input",
          "mapping": "0",
          "builtInInputId": "8298a407-9069-5331-8dee-219cdb1b4868"
        },
        {
          "inputPort": "input",
          "mapping": "false",
          "builtInInputId": "0eeeaf31-fd99-5ada-aaf5-9b4ca198cce6"
        },
        {
          "inputPort": "input",
          "mapping": "callbackonly",
          "builtInInputId": "94bf035f-007b-5da6-996b-d122ff92e7b3"
        },
        {
          "inputPort": "input",
          "mapping": "{\"RESPONSE\":{\"triggerType\":\"RESPONSE\",\"triggerBlockId\":\"16580525-d96f-49ac-a416-04681edb6638\",\"hidden\":false,\"position\":0}}",
          "builtInInputId": "d5f190c2-4549-5f07-b14d-d51d641cf1e6"
        },
        {
          "inputPort": "input",
          "mapping": "60",
          "builtInInputId": "ceffae29-cef3-5488-b9d1-f845c558f8a4"
        },
        {
          "inputPort": "input",
          "mapping": "[{\"language\":\"en\",\"subject\":\"Terraform : ${69a435f0-bacf-4a44-8481-955dac9784c1.Notification Message} : ${69a435f0-bacf-4a44-8481-955dac9784c1.Run ID}\",\"body\":\"\\n    <style id=\\\"xm-froala-base-styles\\\">\\n      /* Base Froala Styles Begin */\\n      /*!\\n * froala_editor v3.1.0 (https://www.froala.com/wysiwyg-editor)\\n * License https://froala.com/wysiwyg-editor/terms/\\n * Copyright 2014-2020 Froala Labs\\n */\\n\\n.clearfix::after{clear:both;display:block;content:\\\"\\\";height:0}.hide-by-clipping{position:absolute;width:1px;height:1px;padding:0;margin:-1px;overflow:hidden;clip:rect(0, 0, 0, 0);border:0}img.fr-rounded,.fr-img-caption.fr-rounded img{border-radius:10px;-moz-border-radius:10px;-webkit-border-radius:10px;-moz-background-clip:padding;-webkit-background-clip:padding-box;background-clip:padding-box}img.fr-bordered,.fr-img-caption.fr-bordered img{border:solid 5px #CCC}img.fr-bordered{-webkit-box-sizing:content-box;-moz-box-sizing:content-box;box-sizing:content-box}.fr-img-caption.fr-bordered img{-webkit-box-sizing:border-box;-moz-box-sizing:border-box;box-sizing:border-box}.fr-view{word-wrap:break-word}span[style~=\\\"color:\\\"] a{color:inherit}strong{font-weight:700}table{border:none;border-collapse:collapse;empty-cells:show;max-width:100%}table td{min-width:5px}table.fr-dashed-borders td,table.fr-dashed-borders th{border-style:dashed}table.fr-alternate-rows tbody tr:nth-child(2n){background:whitesmoke}table td,table th{border:1px solid #DDD}table td:empty,table th:empty{height:20px}table td.fr-highlighted,table th.fr-highlighted{border:1px double red}table td.fr-thick,table th.fr-thick{border-width:2px}table th{background:#ececec}hr{clear:both;user-select:none;-o-user-select:none;-moz-user-select:none;-khtml-user-select:none;-webkit-user-select:none;-ms-user-select:none;break-after:always;page-break-after:always}.fr-file{position:relative}.fr-file::after{position:relative;content:\\\"\\\\1F4CE\\\";font-weight:normal}pre{white-space:pre-wrap;word-wrap:break-word;overflow:visible}.fr-view[dir=\\\"rtl\\\"] blockquote{border-left:none;border-right:solid 2px #5E35B1;margin-right:0;padding-right:5px;padding-left:0}.fr-view[dir=\\\"rtl\\\"] blockquote blockquote{border-color:#00BCD4}.fr-view[dir=\\\"rtl\\\"] blockquote blockquote blockquote{border-color:#43A047}blockquote{border-left:solid 2px #5E35B1;margin-left:0;padding-left:5px;color:#5E35B1}blockquote blockquote{border-color:#00BCD4;color:#00BCD4}blockquote blockquote blockquote{border-color:#43A047;color:#43A047}span.fr-emoticon{font-weight:normal;font-family:\\\"Apple Color Emoji\\\",\\\"Segoe UI Emoji\\\",\\\"NotoColorEmoji\\\",\\\"Segoe UI Symbol\\\",\\\"Android Emoji\\\",\\\"EmojiSymbols\\\";display:inline;line-height:0}span.fr-emoticon.fr-emoticon-img{background-repeat:no-repeat !important;font-size:inherit;height:1em;width:1em;min-height:20px;min-width:20px;display:inline-block;margin:-.1em .1em .1em;line-height:1;vertical-align:middle}.fr-text-gray{color:#AAA !important}.fr-text-bordered{border-top:solid 1px #222;border-bottom:solid 1px #222;padding:10px 0}.fr-text-spaced{letter-spacing:1px}.fr-text-uppercase{text-transform:uppercase}.fr-class-highlighted{background-color:#ffff00}.fr-class-code{border-color:#cccccc;border-radius:2px;-moz-border-radius:2px;-webkit-border-radius:2px;-moz-background-clip:padding;-webkit-background-clip:padding-box;background-clip:padding-box;background:#f5f5f5;padding:10px;font-family:\\\"Courier New\\\", Courier, monospace}.fr-class-transparency{opacity:0.5}img{position:relative;max-width:100%}img.fr-dib{margin:5px auto;display:block;float:none;vertical-align:top}img.fr-dib.fr-fil{margin-left:0;text-align:left}img.fr-dib.fr-fir{margin-right:0;text-align:right}img.fr-dii{display:inline-block;float:none;vertical-align:bottom;margin-left:5px;margin-right:5px;max-width:calc(100% - (2 * 5px))}img.fr-dii.fr-fil{float:left;margin:5px 5px 5px 0;max-width:calc(100% - 5px)}img.fr-dii.fr-fir{float:right;margin:5px 0 5px 5px;max-width:calc(100% - 5px)}span.fr-img-caption{position:relative;max-width:100%}span.fr-img-caption.fr-dib{margin:5px auto;display:block;float:none;vertical-align:top}span.fr-img-caption.fr-dib.fr-fil{margin-left:0;text-align:left}span.fr-img-caption.fr-dib.fr-fir{margin-right:0;text-align:right}span.fr-img-caption.fr-dii{display:inline-block;float:none;vertical-align:bottom;margin-left:5px;margin-right:5px;max-width:calc(100% - (2 * 5px))}span.fr-img-caption.fr-dii.fr-fil{float:left;margin:5px 5px 5px 0;max-width:calc(100% - 5px)}span.fr-img-caption.fr-dii.fr-fir{float:right;margin:5px 0 5px 5px;max-width:calc(100% - 5px)}.fr-video{text-align:center;position:relative}.fr-video.fr-rv{padding-bottom:56.25%;padding-top:30px;height:0;overflow:hidden}.fr-video.fr-rv>iframe,.fr-video.fr-rv object,.fr-video.fr-rv embed{position:absolute !important;top:0;left:0;width:100%;height:100%}.fr-video>*{-webkit-box-sizing:content-box;-moz-box-sizing:content-box;box-sizing:content-box;max-width:100%;border:none}.fr-video.fr-dvb{display:block;clear:both}.fr-video.fr-dvb.fr-fvl{text-align:left}.fr-video.fr-dvb.fr-fvr{text-align:right}.fr-video.fr-dvi{display:inline-block}.fr-video.fr-dvi.fr-fvl{float:left}.fr-video.fr-dvi.fr-fvr{float:right}a.fr-strong{font-weight:700}a.fr-green{color:green}.fr-img-caption{text-align:center}.fr-img-caption .fr-img-wrap{padding:0;margin:auto;text-align:center;width:100%}.fr-img-caption .fr-img-wrap img{display:block;margin:auto;width:100%}.fr-img-caption .fr-img-wrap>span{margin:auto;display:block;padding:5px 5px 10px;font-size:14px;font-weight:initial;-webkit-box-sizing:border-box;-moz-box-sizing:border-box;box-sizing:border-box;-webkit-opacity:0.9;-moz-opacity:0.9;opacity:0.9;-ms-filter:\\\"progid:DXImageTransform.Microsoft.Alpha(Opacity=0)\\\";width:100%;text-align:center}button.fr-rounded,input.fr-rounded,textarea.fr-rounded{border-radius:10px;-moz-border-radius:10px;-webkit-border-radius:10px;-moz-background-clip:padding;-webkit-background-clip:padding-box;background-clip:padding-box}button.fr-large,input.fr-large,textarea.fr-large{font-size:24px}a.fr-view.fr-strong{font-weight:700}a.fr-view.fr-green{color:green}img.fr-view{position:relative;max-width:100%}img.fr-view.fr-dib{margin:5px auto;display:block;float:none;vertical-align:top}img.fr-view.fr-dib.fr-fil{margin-left:0;text-align:left}img.fr-view.fr-dib.fr-fir{margin-right:0;text-align:right}img.fr-view.fr-dii{display:inline-block;float:none;vertical-align:bottom;margin-left:5px;margin-right:5px;max-width:calc(100% - (2 * 5px))}img.fr-view.fr-dii.fr-fil{float:left;margin:5px 5px 5px 0;max-width:calc(100% - 5px)}img.fr-view.fr-dii.fr-fir{float:right;margin:5px 0 5px 5px;max-width:calc(100% - 5px)}span.fr-img-caption.fr-view{position:relative;max-width:100%}span.fr-img-caption.fr-view.fr-dib{margin:5px auto;display:block;float:none;vertical-align:top}span.fr-img-caption.fr-view.fr-dib.fr-fil{margin-left:0;text-align:left}span.fr-img-caption.fr-view.fr-dib.fr-fir{margin-right:0;text-align:right}span.fr-img-caption.fr-view.fr-dii{display:inline-block;float:none;vertical-align:bottom;margin-left:5px;margin-right:5px;max-width:calc(100% - (2 * 5px))}span.fr-img-caption.fr-view.fr-dii.fr-fil{float:left;margin:5px 5px 5px 0;max-width:calc(100% - 5px)}span.fr-img-caption.fr-view.fr-dii.fr-fir{float:right;margin:5px 0 5px 5px;max-width:calc(100% - 5px)}\\n\\n\\n    /* Default/Legacy table border styling */\\n    table {\\n        border: 1px solid #ccc;\\n        border-bottom: none;\\n    }\\n    table th,\\n    table td {\\n        border: solid #ccc;\\n        border-width: 0 0 1px 0;\\n    }\\n\\n    /* Newly inserted table border styling */\\n    table.xm-table-internal-borders {\\n      border: none;\\n    }\\n    table.xm-table-internal-borders th,\\n    table.xm-table-internal-borders td {\\n      border-width: 1px;\\n    }\\n    \\n    /* fix for SUP-22708, In Outlook on Windows: \\\"border-collapse: collapse;\\\" will cease to work and behave like \\\"separate\\\"\\n      when the rule is specified an even number of times, yes oh yes, you read that right. Since this rule is already specified\\n      in the froala styles we get an issue when the user also adds a style tag containing that rule. */\\n    table {\\n      border-collapse: collapse;\\n    }\\n\\n      /* Base Froala Styles End */\\n    </style><!-- XM Froala Top Level Wrapper Begin {{{ -->\\n    <div id=\\\"xm-froala-top-level-wrapper\\\" class=\\\"fr-view\\\">\\n    <!-- XM Froala Top Level Wrapper Begin }}} -->${person.firstName} ${person.lastName} you have recieved a new Terraform notification.<br><br>${69a435f0-bacf-4a44-8481-955dac9784c1.Notification Message}<br><br>Run ID:&nbsp;<a href=\\\"${69a435f0-bacf-4a44-8481-955dac9784c1.Run URL}\\\">${69a435f0-bacf-4a44-8481-955dac9784c1.Run ID}</a><br>Run Status:&nbsp;${69a435f0-bacf-4a44-8481-955dac9784c1.Run Status}<br>Run Created: ${69a435f0-bacf-4a44-8481-955dac9784c1.Run Created}<br>Run Created By:&nbsp;${69a435f0-bacf-4a44-8481-955dac9784c1.Run Created By}<br>Run Updated: ${69a435f0-bacf-4a44-8481-955dac9784c1.Run Updated At}<br>Run Updated By: ${69a435f0-bacf-4a44-8481-955dac9784c1.Run Updated By}<br>Run Message:&nbsp;${69a435f0-bacf-4a44-8481-955dac9784c1.Run Message}<div style=\\\"display:none;\\\">${69a435f0-bacf-4a44-8481-955dac9784c1.Signal ID}</div><br><!-- XM Froala Top Level Wrapper End {{{ -->\\n    </div>\\n    <!-- XM Froala Top Level Wrapper End }}} -->\"}]",
          "builtInInputId": "c2a258c9-70f0-5ab9-87a0-f16aac6a4f7e"
        },
        {
          "inputPort": "input",
          "mapping": "PICKER",
          "builtInInputId": "9b9bc3ee-7633-57e7-b13e-443db15f6e34"
        },
        {
          "inputPort": "input",
          "mapping": "[{\"language\":\"en\",\"text\":\"Terraform: ${69a435f0-bacf-4a44-8481-955dac9784c1.Notification Message}\\nRun ID: ${69a435f0-bacf-4a44-8481-955dac9784c1.Run ID}\"}]",
          "builtInInputId": "8fccda00-5665-53aa-90a0-267d4b796a99"
        },
        {
          "inputPort": "input",
          "mapping": "[{\"action\":\"ASSIGN_TO_USER\",\"allowComments\":true,\"contribution\":\"POSITIVE\",\"description\":\"Acknowledge\",\"joinConference\":false,\"number\":1,\"prompt\":\"Acknowledge\",\"redirectUrl\":\"\",\"text\":\"Acknowledge\",\"id\":\"046bfbd7-e8da-4c5c-b2ef-70968b341375\",\"triggerBlockId\":\"387f5aeb-84f3-4188-93b6-797e874c1632\",\"integrationId\":\"4c16eac8-b0e6-43b0-b787-b930e74a9f9b\"},{\"action\":\"ESCALATE\",\"allowComments\":true,\"contribution\":\"NEGATIVE\",\"description\":\"Escalate\",\"joinConference\":false,\"number\":2,\"prompt\":\"Escalate\",\"redirectUrl\":\"\",\"text\":\"Escalate\",\"id\":\"1b481b05-634b-4100-b128-274ee6123c27\",\"triggerBlockId\":\"b27e36e8-de5b-4f1e-a0dc-247cb12eef62\",\"integrationId\":\"18d032b0-341d-48b3-810c-23b76446d3c4\"},{\"action\":\"END\",\"allowComments\":true,\"contribution\":\"POSITIVE\",\"description\":\"Initiate Incident\",\"joinConference\":false,\"number\":3,\"prompt\":\"Initiate Incident\",\"redirectUrl\":\"\",\"text\":\"Initiate Incident\",\"id\":\"061bab55-49ca-4c3a-9f3b-f1ae988641a4\",\"triggerBlockId\":\"1cb446f3-bd1c-4b08-a3ca-dbef217e1046\",\"integrationId\":\"1b4a802a-2041-4f67-97e1-986a9921da11\"},{\"action\":\"END\",\"allowComments\":true,\"contribution\":\"NEUTRAL\",\"description\":\"Dismiss\",\"joinConference\":false,\"number\":4,\"prompt\":\"Dismiss\",\"redirectUrl\":\"\",\"text\":\"Dismiss\",\"id\":\"1394b032-9d9a-4fbe-93dd-4ad9f5ce02fa\",\"triggerBlockId\":\"be5f5aa2-5432-489c-92c4-cdc6008b6be3\",\"integrationId\":\"ccd7872b-a970-42aa-a43d-eabbcf094597\"}]",
          "builtInInputId": "ac190a1d-00b8-5aea-8543-12459dd918a7"
        },
        {
          "inputPort": "input",
          "mapping": "Android Phone,Android Tablet,iPad,iPhone,SMS Phone,Home Phone,Mobile Phone,Work Phone,Home Email,Work Email",
          "builtInInputId": "21dbc8d9-0c69-5ff1-99b2-f66986efcb79"
        },
        {
          "inputPort": "input",
          "mapping": "false",
          "builtInInputId": "7ec1fde7-1816-5b50-968f-c3eafa529f62"
        },
        {
          "inputPort": "input",
          "mapping": "[{\"language\":\"en\",\"steps\":[{\"uiBlock\":\"9ed35e76-785c-40fa-9836-43eafc106ea9\",\"phrase\":\"New Terraform Notification\",\"playback\":\"TTS\"},{\"uiBlock\":\"5775a963-8378-4c30-adbe-a4011eb02266\",\"phrase\":\"${69a435f0-bacf-4a44-8481-955dac9784c1.Notification Message}\",\"playback\":\"TTS\"}]}]",
          "builtInInputId": "1e0aae21-0ac6-5683-a162-36fa1f8a895c"
        },
        {
          "inputPort": "input",
          "mapping": "false",
          "builtInInputId": "60992193-3b95-5b4e-adfd-244d5e834d67"
        }
      ]
    },
    {
      "id": "387f5aeb-84f3-4188-93b6-797e874c1632",
      "label": "Create Alert - Acknowledge",
      "environment": "HOSTED",
      "presentation": "{}",
      "step": "4c16eac8-b0e6-43b0-b787-b930e74a9f9b",
      "stepType": "INTEGRATION",
      "groupingBlockId": "1cca920b-d082-442f-9e32-af90c35b17a5"
    },
    {
      "id": "be5f5aa2-5432-489c-92c4-cdc6008b6be3",
      "label": "Create Alert - Dismiss",
      "environment": "HOSTED",
      "presentation": "{}",
      "step": "ccd7872b-a970-42aa-a43d-eabbcf094597",
      "stepType": "INTEGRATION",
      "groupingBlockId": "1cca920b-d082-442f-9e32-af90c35b17a5"
    },
    {
      "id": "b27e36e8-de5b-4f1e-a0dc-247cb12eef62",
      "label": "Create Alert - Escalate",
      "environment": "HOSTED",
      "presentation": "{}",
      "step": "18d032b0-341d-48b3-810c-23b76446d3c4",
      "stepType": "INTEGRATION",
      "groupingBlockId": "1cca920b-d082-442f-9e32-af90c35b17a5"
    },
    {
      "id": "1cb446f3-bd1c-4b08-a3ca-dbef217e1046",
      "label": "Create Alert - Initiate Incident",
      "environment": "HOSTED",
      "presentation": "{}",
      "step": "1b4a802a-2041-4f67-97e1-986a9921da11",
      "stepType": "INTEGRATION",
      "groupingBlockId": "1cca920b-d082-442f-9e32-af90c35b17a5"
    },
    {
      "id": "16580525-d96f-49ac-a416-04681edb6638",
      "label": "Create Alert - Response",
      "environment": "HOSTED",
      "presentation": "{}",
      "stepType": "RESPONSES",
      "groupingBlockId": "1cca920b-d082-442f-9e32-af90c35b17a5"
    },
    {
      "id": "0c367c93-c6e6-4580-a3ef-c2730938e1ff",
      "label": "Get Events",
      "environment": "HOSTED",
      "presentation": "{\"w\":100,\"x\":440,\"h\":50,\"y\":340}",
      "step": "f36cf6ba-2225-5cb3-831f-030a05527c72",
      "stepType": "SCRIPT_STEP",
      "inputMappings": [
        {
          "inputPort": "input",
          "mapping": "ACTIVE",
          "stepInput": "fa86536b-3508-56de-884b-503596bd64c2"
        },
        {
          "inputPort": "input",
          "mapping": "Terraform Notification - Terraform Notification > Signal ID#en",
          "stepInput": "72cd05cc-dfe2-5933-b85c-edcf1df9f56f"
        },
        {
          "inputPort": "input",
          "mapping": "${69a435f0-bacf-4a44-8481-955dac9784c1.Signal ID}",
          "stepInput": "b58893a5-ffaf-502d-982b-613dcd7b2232"
        },
        {
          "inputPort": "input",
          "mapping": "TRUE",
          "stepInput": "3bb89cc9-b89f-5291-9c54-1da7bc6c051a"
        }
      ]
    },
    {
      "id": "9b5ea617-abda-4ec5-9776-1fc65fea8a2c",
      "label": "Initiate Incident",
      "environment": "HOSTED",
      "presentation": "{\"w\":100,\"x\":880,\"h\":50,\"y\":1342}",
      "step": "ce96308e-aa54-564d-97b0-33b3c1c1b73a",
      "stepType": "SCRIPT_STEP",
      "inputMappings": [
        {
          "inputPort": "input",
          "mapping": "${69a435f0-bacf-4a44-8481-955dac9784c1.Notification Message} : ${69a435f0-bacf-4a44-8481-955dac9784c1.Run ID}",
          "stepInput": "3ee09491-a355-5a0d-b5cd-ec44297d5e36"
        },
        {
          "inputPort": "input",
          "mapping": "${69a435f0-bacf-4a44-8481-955dac9784c1.Notification Message}\nRun ID: ${69a435f0-bacf-4a44-8481-955dac9784c1.Run ID}\nRun URL: ${69a435f0-bacf-4a44-8481-955dac9784c1.Run URL}",
          "stepInput": "b78e5000-4866-5ca8-8476-3cf95e47dc1a"
        },
        {
          "inputPort": "input",
          "mapping": "HIGH",
          "stepInput": "2d0b9932-1565-56bf-95f0-bac6b71ca35e"
        },
        {
          "inputPort": "input",
          "mapping": "${1cca920b-d082-442f-9e32-af90c35b17a5.respondedTo.by.targetName}",
          "stepInput": "6ff6e100-9794-50ed-acad-7390c5bb1cb6"
        }
      ]
    },
    {
      "id": "eeb533cd-7530-43b1-a907-b7b44a7b52eb",
      "label": "Switch",
      "environment": "HOSTED",
      "presentation": "{\"w\":100,\"x\":440,\"h\":50,\"y\":505}",
      "stepType": "SWITCH",
      "inputMappings": [
        {
          "inputPort": "input",
          "mapping": "${69a435f0-bacf-4a44-8481-955dac9784c1.Notification Trigger}"
        }
      ],
      "switchCases": [
        {
          "caseId": "88b31af1-efe7-467c-9c79-3d661a6d629a",
          "caseValue": "run:needs_attention"
        },
        {
          "caseId": "6e8fe3f0-7580-4e25-ba19-035d7e6fd372",
          "caseValue": "run:errored"
        }
      ]
    },
    {
      "id": "f32fd140-f506-44f4-9c55-913df38b48cf",
      "label": "Switch",
      "environment": "HOSTED",
      "presentation": "{\"w\":100,\"x\":220,\"h\":50,\"y\":55}",
      "stepType": "SWITCH",
      "inputMappings": [
        {
          "inputPort": "input",
          "mapping": "${69a435f0-bacf-4a44-8481-955dac9784c1.Signal Mode}"
        }
      ],
      "switchCases": [
        {
          "caseId": "94c07ea0-ca00-47d2-b934-d5d4f73fba06",
          "caseValue": "Test"
        },
        {
          "caseId": "4e85a1dc-b36b-4401-b09b-9c686cd3221c",
          "caseValue": "Clear"
        },
        {
          "caseId": "bf53ee42-36cb-499f-890e-16a090dfd5db",
          "caseValue": "Alert"
        }
      ]
    },
    {
      "id": "61784270-ed5c-4c7a-b535-b4c66bdae3a2",
      "label": "Terminate Events",
      "environment": "HOSTED",
      "presentation": "{\"w\":100,\"x\":660,\"h\":50,\"y\":340}",
      "step": "798e3053-b4b4-5e8c-ba84-8a11c3be6237",
      "stepType": "SCRIPT_STEP",
      "inputMappings": [
        {
          "inputPort": "input",
          "mapping": "${0c367c93-c6e6-4580-a3ef-c2730938e1ff.Event IDs}",
          "stepInput": "4fdf2591-4925-5682-8911-f0163d7f98dd"
        }
      ]
    },
    {
      "id": "69a435f0-bacf-4a44-8481-955dac9784c1",
      "label": "Terraform Notification - Terraform Notification",
      "environment": "HOSTED",
      "presentation": "{\"w\":100,\"x\":0,\"h\":50,\"y\":40}",
      "step": "730ac24f-566b-461b-8e01-993faec42236",
      "stepType": "INTEGRATION"
    }
  ],
  "edges": [
    {
      "fromBlock": "eeb533cd-7530-43b1-a907-b7b44a7b52eb",
      "fromPort": "6e8fe3f0-7580-4e25-ba19-035d7e6fd372",
      "toBlock": "1cca920b-d082-442f-9e32-af90c35b17a5",
      "toPort": "input"
    },
    {
      "fromBlock": "eeb533cd-7530-43b1-a907-b7b44a7b52eb",
      "fromPort": "88b31af1-efe7-467c-9c79-3d661a6d629a",
      "toBlock": "1cca920b-d082-442f-9e32-af90c35b17a5",
      "toPort": "input"
    },
    {
      "fromBlock": "f32fd140-f506-44f4-9c55-913df38b48cf",
      "fromPort": "bf53ee42-36cb-499f-890e-16a090dfd5db",
      "toBlock": "eeb533cd-7530-43b1-a907-b7b44a7b52eb",
      "toPort": "input"
    },
    {
      "fromBlock": "f32fd140-f506-44f4-9c55-913df38b48cf",
      "fromPort": "4e85a1dc-b36b-4401-b09b-9c686cd3221c",
      "toBlock": "0c367c93-c6e6-4580-a3ef-c2730938e1ff",
      "toPort": "input"
    },
    {
      "fromBlock": "0c367c93-c6e6-4580-a3ef-c2730938e1ff",
      "fromPort": "output",
      "toBlock": "61784270-ed5c-4c7a-b535-b4c66bdae3a2",
      "toPort": "input"
    },
    {
      "fromBlock": "1cb446f3-bd1c-4b08-a3ca-dbef217e1046",
      "fromPort": "output",
      "toBlock": "9b5ea617-abda-4ec5-9776-1fc65fea8a2c",
      "toPort": "input"
    },
    {
      "fromBlock": "69a435f0-bacf-4a44-8481-955dac9784c1",
      "fromPort": "output",
      "toBlock": "f32fd140-f506-44f4-9c55-913df38b48cf",
      "toPort": "input"
    }
  ]
}