{
  "integrations": [
    {
      "id": "4c16eac8-b0e6-43b0-b787-b930e74a9f9b",
      "name": "Create Alert - Acknowledge",
      "action": "RUN_SCRIPT",
      "type": "OUTBOUND_WEBHOOK",
      "triggeredBy": "RESPONSE",
      "responseChoice": "Acknowledge",
      "deployed": true,
      "form": "b65f2c6b-3942-4e5f-814e-46c1ebb414bf",
      "environment": "HOSTED",
      "authType": "NONE",
      "createdBy": "FLOW"
    },
    {
      "id": "ccd7872b-a970-42aa-a43d-eabbcf094597",
      "name": "Create Alert - Dismiss",
      "action": "RUN_SCRIPT",
      "type": "OUTBOUND_WEBHOOK",
      "triggeredBy": "RESPONSE",
      "responseChoice": "Dismiss",
      "deployed": true,
      "form": "b65f2c6b-3942-4e5f-814e-46c1ebb414bf",
      "environment": "HOSTED",
      "authType": "NONE",
      "createdBy": "FLOW"
    },
    {
      "id": "18d032b0-341d-48b3-810c-23b76446d3c4",
      "name": "Create Alert - Escalate",
      "action": "RUN_SCRIPT",
      "type": "OUTBOUND_WEBHOOK",
      "triggeredBy": "RESPONSE",
      "responseChoice": "Escalate",
      "deployed": true,
      "form": "b65f2c6b-3942-4e5f-814e-46c1ebb414bf",
      "environment": "HOSTED",
      "authType": "NONE",
      "createdBy": "FLOW"
    },
    {
      "id": "1b4a802a-2041-4f67-97e1-986a9921da11",
      "name": "Create Alert - Initiate Incident - 1b4a802a-2041-4f67-97e1-986a9921da11",
      "action": "RUN_SCRIPT",
      "type": "OUTBOUND_WEBHOOK",
      "triggeredBy": "RESPONSE",
      "responseChoice": "Initiate Incident",
      "deployed": true,
      "form": "b65f2c6b-3942-4e5f-814e-46c1ebb414bf",
      "environment": "HOSTED",
      "authType": "NONE",
      "createdBy": "FLOW"
    },
    {
      "id": "730ac24f-566b-461b-8e01-993faec42236",
      "name": "Terraform Notification - Terraform Notification",
      "action": "RUN_SCRIPT",
      "type": "INBOUND_WEBHOOK",
      "deployed": true,
      "environment": "HOSTED",
      "authType": "URL",
      "createdBy": "FLOW",
      "integrationScriptStepUuid": "7838a51f-3fbf-4ccc-9599-33ed6101959f"
    }
  ],
  "endpoints": [],
  "constants": []
}