[
  {
    "id": "7838a51f-3fbf-4ccc-9599-33ed6101959f",
    "name": "Terraform Notification",
    "description": "",
    "icon": "https://s3-xmatters-static.s3.amazonaws.com/null/customers/b37a4596-1e89-4b51-98cd-83844cf25f31/IMAGE__20210924180703739__terraform.png",
    "script": "if (request.parameters && request.parameters.recipients) {\n  output['Recipients'] = request.parameters.recipients;\n}\n\noutput['Raw Request'] = request.body;\nvar payload;\ntry {\n  payload = JSON.parse(request.body);\n} catch (err) {\n  throw new Error(buildErrorMessage('Payload is not valid JSON.'));\n}\n\n// Check for correct payload structure\nvar missing = [];\nif (!payload) {\n  throw new Error(buildErrorMessage('Payload is undefined.'));\n}\nif (!hasPropValue(payload, 'notifications')) {\n  missing.push('notifications');\n}\nif (missing.length > 0) {\n  throw new Error(buildErrorMessage('Payload missing \"' + missing.join('\", \"') + '\".'));\n}\n\n// Standard outputs\nswitch (payload.notifications[0].trigger) {\ncase 'run:created':\ncase 'run:planning':\ncase 'run:needs_attention':\ncase 'run:applying':\n  output['Signal Mode'] = 'Alert';\n  break;\ncase 'run:completed':\n  output['Signal Mode'] = 'Clear';\n  break;\ncase 'run:errored':\n    if (payload.notifications[0].run_status == 'discarded'){\n        output['Signal Mode'] = 'Clear';\n    } else {\n       output['Signal Mode'] = 'Alert';\n    }\n    break;\ncase 'verification':\n  output['Signal Mode'] = 'Test';\n  break;\ndefault:\n  output['Signal Mode'] = 'Do Nothing';\n  break;\n}\noutput['Signal ID'] = payload.run_id;\n\n// Application outputs\noutput['Notification Trigger'] = payload.notifications[0].trigger;\noutput['Notification Message'] = payload.notifications[0].message;\noutput['Run ID'] = payload.run_id;\noutput['Run URL'] = payload.run_url;\noutput['Run Message'] = payload.run_message;\noutput['Run Created'] = payload.run_created_at;\noutput['Run Created By'] = payload.run_created_by;\noutput['Run Status'] = payload.notifications[0].run_status;\noutput['Run Updated At'] = payload.notifications[0].run_updated_at;\noutput['Run Updated By'] = payload.notifications[0].run_updated_by;\noutput['Workspace ID'] = payload.workspace_id;\noutput['Workspace Name'] = payload.workspace_name;\noutput['Organization Name'] = payload.organization_name;\n\n/**\n * Checks that obj[prop] is a valid value\n * @param  {Object} obj The object to check the property for\n * @param  {string} prop The property to check the value of\n * @return {boolean} True if obj[prop] is valid, False if not\n */\nfunction hasPropValue(obj, key) {\n  return obj[key] === 0\n    || (Object.hasOwnProperty.call(obj, key)\n    && obj[key] !== null\n    && obj[key] !== undefined);\n}\n\n/**\n * Builds a common error message describing the action that failed and why\n * @param  {string} reason The reason why the step is interrupting the flow\n * @return {string}               A common error message that can be thrown\n */\nfunction buildErrorMessage(reason) {\n  return '\\nUnable to trigger the flow. ' + reason;\n}\n",
    "allowedEnvironment": "HOSTED",
    "accessibleByAll": "NotShared",
    "triggerAuthType": "URL_AUTH",
    "scriptStepType": "CUSTOM_HTTP",
    "inputs": [],
    "outputs": [
      {
        "id": "75be513b-2373-4b2e-95b5-0741af1601e1",
        "name": "Recipients",
        "position": 0
      },
      {
        "id": "d800e0c4-ce44-45be-abbb-066235114f32",
        "name": "Signal Mode",
        "description": "Alert, Clear, Test, Do Nothing",
        "position": 1
      },
      {
        "id": "9ae58d3a-b35b-44ea-ab3f-8cd19ce8bbb4",
        "name": "Signal ID",
        "position": 2
      },
      {
        "id": "0ea0c703-4ec1-4357-b682-a19d93b1fd01",
        "name": "Notification Trigger",
        "description": "verification, run:created, run:planning, run:needs_attention, run:applying, run:completed, run:errored (https://www.terraform.io/docs/cloud/api/notification-configurations.html)",
        "position": 3
      },
      {
        "id": "07df4d76-79ba-4853-9db2-e8f17e1bf7b3",
        "name": "Notification Message",
        "position": 4
      },
      {
        "id": "c91924eb-16a0-47df-b8f6-b0d4c7409b01",
        "name": "Run ID",
        "position": 5
      },
      {
        "id": "e7dff2d3-4355-4890-ad71-e5835f57773d",
        "name": "Run URL",
        "position": 6
      },
      {
        "id": "84d60b8d-a88f-4ce4-a53e-fd012dab45fb",
        "name": "Run Message",
        "position": 7
      },
      {
        "id": "b17cf65b-0117-4b30-b25d-d306ffc2a245",
        "name": "Run Created",
        "position": 8
      },
      {
        "id": "a9240a2f-b252-4d84-8abe-27da9269006d",
        "name": "Run Created By",
        "position": 9
      },
      {
        "id": "5059315b-4988-4a6b-8d10-f8a0e9308df1",
        "name": "Run Status",
        "description": "(https://www.terraform.io/docs/cloud/api/run.html)",
        "position": 10
      },
      {
        "id": "f6c8e5ee-e9af-4c8e-9b2b-9ca92eaa5882",
        "name": "Run Updated At",
        "position": 11
      },
      {
        "id": "36760786-dce6-4e4d-bd48-2ea220ad0882",
        "name": "Run Updated By",
        "position": 12
      },
      {
        "id": "12a4f6c6-6944-4c24-8e37-7fe77d7c0b52",
        "name": "Workspace ID",
        "position": 13
      },
      {
        "id": "47fbeac4-991d-413e-90d9-6a0d304b9389",
        "name": "Workspace Name",
        "position": 14
      },
      {
        "id": "1c3349fc-e936-4ea5-bc48-53024c511502",
        "name": "Organization Name",
        "position": 15
      },
      {
        "id": "75a0d8be-9037-415b-a037-cf0bfbdb6970",
        "name": "Raw Request",
        "position": 16
      }
    ],
    "libraries": []
  }
]